{
	"ambientocclusion": false,
	"textures": {
		"particle": "#texture",
		"edge": "#texture"
	},
	"elements": [
	{   "from": [ 7, 0.001, 7 ],
		"to": [ 9, 0.001, 9 ],
		"faces": {
			"down":  { "uv": [  7, 7,  9,  9 ], "texture": "#edge" },
			"up":    { "uv": [  7, 7,  9,  9 ], "texture": "#edge" }
		}
	},
	{   "from": [ 7, 15.999, 7 ],
		"to": [ 9, 15.999, 9 ],
		"faces": {
			"down":  { "uv": [  7, 7,  9,  9 ], "texture": "#edge" },
			"up":    { "uv": [  7, 7,  9,  9 ], "texture": "#edge" }
		}
	}
	]
} 
