{
	"credit": "Made with Blockbench",
	"texture_size": [64, 64],
	"textures": {
		"0": "simply_equine:block/red_jump_pole",
		"particle": "simply_equine:block/red_jump_pole"
	},
	"elements": [
		{
			"name": "bar",
			"from": [-7, 6, 7],
			"to": [23, 8, 9],
			"rotation": {"angle": 0, "axis": "y", "origin": [1, 16, 16]},
			"faces": {
				"north": {"uv": [0, 0, 7.5, 0.5], "texture": "#0"},
				"east": {"uv": [3, 2, 3.5, 2.5], "texture": "#0"},
				"south": {"uv": [0, 0.5, 7.5, 1], "texture": "#0"},
				"west": {"uv": [3, 2.5, 3.5, 3], "texture": "#0"},
				"up": {"uv": [7.5, 1.5, 0, 1], "texture": "#0"},
				"down": {"uv": [7.5, 1.5, 0, 2], "texture": "#0"}
			}
		},
		{
			"name": "x1",
			"from": [-8, -1.6, 8],
			"to": [-7, 14.4, 11],
			"rotation": {"angle": 45, "axis": "x", "origin": [-7.5, 8, 9.5]},
			"faces": {
				"north": {"uv": [0, 6, 0.25, 10], "texture": "#0"},
				"east": {"uv": [0, 2, 0.75, 6], "texture": "#0"},
				"south": {"uv": [0.25, 6, 0.5, 10], "texture": "#0"},
				"west": {"uv": [0.75, 2, 1.5, 6], "texture": "#0"},
				"up": {"uv": [3.75, 2.75, 3.5, 2], "texture": "#0"},
				"down": {"uv": [4, 2, 3.75, 2.75], "texture": "#0"}
			}
		},
		{
			"name": "x2",
			"from": [-8, -1.6, 6],
			"to": [-7, 14.4, 9],
			"rotation": {"angle": -45, "axis": "x", "origin": [-7.5, 8, 7.5]},
			"faces": {
				"north": {"uv": [0.5, 6, 0.75, 10], "texture": "#0"},
				"east": {"uv": [1.5, 2, 2.25, 6], "texture": "#0"},
				"south": {"uv": [0.75, 6, 1, 10], "texture": "#0"},
				"west": {"uv": [2.25, 2.25, 3, 6.25], "texture": "#0"},
				"up": {"uv": [4, 3.5, 3.75, 2.75], "texture": "#0"},
				"down": {"uv": [4.25, 2, 4, 2.75], "texture": "#0"}
			}
		},
		{
			"name": "x3",
			"from": [23, -1.6, 6],
			"to": [24, 14.4, 9],
			"rotation": {"angle": -45, "axis": "x", "origin": [23.5, 8, 7.5]},
			"faces": {
				"north": {"uv": [1, 6, 1.25, 10], "texture": "#0"},
				"east": {"uv": [3, 3, 3.75, 7], "texture": "#0"},
				"south": {"uv": [1.25, 6, 1.5, 10], "texture": "#0"},
				"west": {"uv": [3.75, 3.75, 4.5, 7.75], "texture": "#0"},
				"up": {"uv": [4.25, 3.5, 4, 2.75], "texture": "#0"},
				"down": {"uv": [4.5, 2, 4.25, 2.75], "texture": "#0"}
			}
		},
		{
			"name": "x4",
			"from": [23, -1.6, 8],
			"to": [24, 14.4, 11],
			"rotation": {"angle": 45, "axis": "x", "origin": [23.5, 8, 9.5]},
			"faces": {
				"north": {"uv": [1.5, 6, 1.75, 10], "texture": "#0"},
				"east": {"uv": [4.5, 4.5, 5.25, 8.5], "texture": "#0"},
				"south": {"uv": [1.75, 6, 2, 10], "texture": "#0"},
				"west": {"uv": [5.25, 5.25, 6, 9.25], "texture": "#0"},
				"up": {"uv": [4.5, 3.5, 4.25, 2.75], "texture": "#0"},
				"down": {"uv": [4.75, 2, 4.5, 2.75], "texture": "#0"}
			}
		}
	],
	"display": {
		"gui": {
			"scale": [0.47, 0.47, 4]
		}
	},
	"groups": [
		{
			"name": "VoxelShapes",
			"origin": [8, 8, 8],
			"children": [
				{
					"name": "group",
					"origin": [8, 8, 8],
					"children": [0]
				},
				{
					"name": "group",
					"origin": [8, 8, 8],
					"children": [1]
				},
				{
					"name": "group",
					"origin": [8, 8, 8],
					"children": [2]
				},
				{
					"name": "group",
					"origin": [8, 8, 8],
					"children": [3]
				},
				{
					"name": "group",
					"origin": [8, 8, 8],
					"children": [4]
				}
			]
		}
	]
}