{
	"format_version": "1.8.0",
	"animations": {
		"simply_equine.animation.walk": {
			"animation_length": 1.04,
			"bones": {
				"main": {
					"rotation": {
						"0.0": [-2.5, 0, 0],
						"0.12": [-5, 0, 0],
						"0.24": [0, 0, 0],
						"0.36": [2.5, 0, 0],
						"0.48": [0, 0, 0],
						"0.6": [-2.5, 0, 0],
						"0.72": [2.5, 0, 0],
						"0.84": [0, 0, 0],
						"0.96": [-2.5, 0, 0]
					}
				},
				"neck": {
					"rotation": {
						"0.0": [-5, 0, 0],
						"0.12": [-12.5, 0, 0],
						"0.24": [-15, 0, 0],
						"0.36": [-7.5, 0, 0],
						"0.48": [-11.96, 0, 0],
						"0.6": [-17.5, 0, 0],
						"0.72": [-10, 0, 0],
						"0.84": [-12.5, 0, 0],
						"0.96": [-5, 0, 0]
					},
					"position": [0, 0, 0]
				},
				"head": {
					"rotation": {
						"0.0": [-10, 0, 0],
						"0.12": [-18.75, 0, 0],
						"0.24": [-12.5, 0, 0],
						"0.36": [-5, 0, 0],
						"0.48": [-14.64, 0, 0],
						"0.6": [-17.5, 0, 0],
						"0.72": [-7.5, 0, 0],
						"0.84": [-17.5, 0, -2.5],
						"0.96": [-10, 0, 0]
					},
					"position": {
						"0.0": [0, -1, 0.75],
						"0.12": [0, -1.75, 1.75],
						"0.24": [0, -2, 2],
						"0.36": [0, -1, 1],
						"0.48": [0, -1.62, 1.88],
						"0.6": [0, -2.25, 2.25],
						"0.72": [0, -1, 1.5],
						"0.84": [0, -1.5, 2],
						"0.96": [0, -1, 0.75]
					}
				},
				"shoulder": {
					"rotation": {
						"0.0": [0, 0, 0],
						"0.12": [-7.5, 0, 0],
						"0.24": [-15, 0, 0],
						"0.36": [-10, 0, 0],
						"0.48": [7.5, 0, 0],
						"0.6": [12.5, 0, 0],
						"0.72": [17.5, 0, 0],
						"0.84": [2.5, 0, 0],
						"0.96": [0, 0, 0]
					}
				},
				"fore": {
					"rotation": {
						"0.0": [0, 0, 0],
						"0.12": [-12.5, 0, 0],
						"0.24": [-20, 0, 0],
						"0.36": [-17.5, 0, 0],
						"0.48": [15, 0, 0],
						"0.6": [40, 0, 0],
						"0.72": [25, 0, 0],
						"0.84": [5, 0, 0],
						"0.96": [0, 0, 0]
					},
					"position": {
						"0.0": [0, 0, -0.5],
						"0.12": [0, 0, 0],
						"0.24": [0, -1, 0],
						"0.48": [0, 0, 0],
						"0.6": [0, 0.5, 0],
						"0.72": [0, 0, 0],
						"0.96": [0, 0, -0.5]
					}
				},
				"cannon": {
					"rotation": {
						"0.0": [0, 0, 0],
						"0.12": [-10, 0, 0],
						"0.24": [-15, 0, 0],
						"0.36": [-42.5, 0, 0],
						"0.48": [-17.5, 0, 0],
						"0.6": [0, 0, 0],
						"0.72": [25, 0, 0],
						"0.84": [5, 0, 0],
						"0.96": [0, 0, 0]
					},
					"position": {
						"0.0": [0, 0.25, -0.5],
						"0.12": [0, 0.75, -1.75],
						"0.24": [0, 0, -2.75],
						"0.36": [0, 0.5, -2.5],
						"0.48": [0, 0.5, 1.5],
						"0.6": [0, 1.75, 4.25],
						"0.72": [0, 0.5, 3.25],
						"0.84": [0, 0.5, 0.5],
						"0.96": [0, 0.25, -0.5]
					},
					"scale": {
						"0.0": [1, 0.8, 1],
						"0.24": [1, 0.9, 1],
						"0.96": [1, 0.8, 1]
					}
				},
				"hoof": {
					"rotation": {
						"0.0": [0, 0, 0],
						"0.12": [0, 0, 0],
						"0.24": [-1.25, 0, 0],
						"0.36": [-82.5, 0, 0],
						"0.48": [-70, 0, 0],
						"0.6": [-50, 0, 0],
						"0.72": [0, 0, 0],
						"0.96": [0, 0, 0]
					},
					"position": {
						"0.0": [0, 0, -0.5],
						"0.12": [0, 0, -2.75],
						"0.24": [0, 0, -3.75],
						"0.36": [0, 1.75, -6.5],
						"0.48": [0, 0.25, 0],
						"0.6": [0, 0.75, 3.75],
						"0.72": [0, 0, 5.75],
						"0.84": [0, 0, 1],
						"0.96": [0, 0, -0.5]
					}
				},
				"stifle": {
					"rotation": {
						"0.0": [-5, 0, 0],
						"0.12": [-5, 0, 0],
						"0.24": [-12.5, 0, 0],
						"0.36": [2.5, 0, 0],
						"0.48": [7.5, 0, 0],
						"0.6": [0, 0, 0],
						"0.72": [-10, 0, 0],
						"0.84": [-5, 0, 0],
						"0.96": [-5, 0, 0]
					},
					"position": {
						"0.0": [0, 1, 0],
						"0.12": [0, 2, 0],
						"0.24": [0, 0, 0],
						"0.48": [0, 0.25, 0],
						"0.6": [0, 0.75, 0],
						"0.72": [0, -0.25, 0],
						"0.84": [0, 0.75, 0],
						"0.96": [0, 1, 0]
					}
				},
				"gaskin": {
					"rotation": {
						"0.0": [-10, 0, 0],
						"0.12": [-22.5, 0, 0],
						"0.24": [-2.5, 0, 0],
						"0.36": [15, 0, 0],
						"0.48": [25, 0, 0],
						"0.6": [28.85, 0, 0],
						"0.64": [12.5, 0, 0],
						"0.72": [0, 0, 0],
						"0.84": [-5, 0, 0],
						"0.96": [-10, 0, 0]
					},
					"position": {
						"0.0": [0, 0, 0.25],
						"0.12": [0, 2, 0.25],
						"0.24": [0, 0, 0.5],
						"0.36": [0, -1.37, 0.5],
						"0.48": [0, -2.75, 0.5],
						"0.6": [0, -2.14, -1.5],
						"0.64": [0, -0.5, 0.5],
						"0.72": [0, 0.25, 0.5],
						"0.84": [0, 0.25, 0.5],
						"0.96": [0, 0, 0.25]
					}
				},
				"cannonrear": {
					"rotation": {
						"0.0": [-5, 0, 0],
						"0.12": [-2.5, 0, 0],
						"0.24": [37.5, 0, 0],
						"0.36": [50, 0, 0],
						"0.48": [37.5, 0, 0],
						"0.6": [15, 0, 0],
						"0.72": [10, 0, 0],
						"0.84": [0, 0, 0],
						"0.96": [-5, 0, 0]
					},
					"position": {
						"0.0": [0, 0, -1.5],
						"0.12": [0, 3, -2],
						"0.24": [0, 1.75, 2.5],
						"0.36": [0, 2.25, 6.5],
						"0.48": [0, 0.5, 7],
						"0.6": [0, 0.75, 4],
						"0.72": [0, 0, 1.25],
						"0.84": [0, 0, -0.5],
						"0.96": [0, 0, -1.5]
					}
				},
				"hoof2": {
					"rotation": {
						"0.0": [0, 0, 0],
						"0.12": [-82.5, 0, 0],
						"0.24": [-27.5, 0, 0],
						"0.36": [-12.5, 0, 0],
						"0.48": [0, 0, 0],
						"0.6": [0, 0, 0],
						"0.72": [0, 0, 0],
						"0.96": [0, 0, 0]
					},
					"position": {
						"0.0": [0, 0, -1.75],
						"0.12": [0, 2, -2.75],
						"0.24": [0, 0.75, 4],
						"0.36": [0, 1.75, 8.5],
						"0.48": [0, 0, 8.75],
						"0.6": [0, 0, 4.75],
						"0.72": [0, 0, 1.5],
						"0.84": [0, 0, -0.5],
						"0.96": [0, 0, -1.75]
					}
				},
				"shoulder2": {
					"rotation": {
						"0.0": [5, 0, 0],
						"0.12": [15, 0, 0],
						"0.24": [25, 0, 0],
						"0.36": [12.5, 0, 0],
						"0.48": [0, 0, 0],
						"0.6": [-12.5, 0, 0],
						"0.72": [-20, 0, 0],
						"0.84": [-25, 0, 0],
						"0.96": [5, 0, 0]
					},
					"position": [0, -0.75, -0.5]
				},
				"fore2": {
					"rotation": {
						"0.0": [15, 0, 0],
						"0.12": [47.5, 0, 0],
						"0.24": [35, 0, 0],
						"0.36": [12.5, 0, 0],
						"0.48": [0, 0, 0],
						"0.6": [-15, 0, 0],
						"0.72": [-20, 0, 0],
						"0.96": [30, 0, 0]
					},
					"position": {
						"0.12": [0, -0.5, 0.5],
						"0.24": [0, -1.25, -0.25],
						"0.36": [0, -1.25, -0.25],
						"0.6": [0, -1.25, -1],
						"0.84": [0, -1, -1]
					}
				},
				"cannon2": {
					"rotation": {
						"0.0": [-15, 0, 0],
						"0.12": [5, 0, 0],
						"0.24": [32.5, 0, 0],
						"0.36": [10, 0, 0],
						"0.48": [0, 0, 0],
						"0.6": [-12.5, 0, 0],
						"0.72": [-20, 0, 0],
						"0.84": [-50, 0, 0],
						"0.96": [-15, 0, 0]
					},
					"position": {
						"0.0": [0, 1, 1.5],
						"0.12": [0, 2.25, 4],
						"0.24": [0, 0, 3],
						"0.36": [0, -0.25, 0.75],
						"0.48": [0, -1.25, -0.75],
						"0.6": [0, -1, -2.5],
						"0.72": [0, -0.75, -3],
						"0.84": [0, 0, -0.5],
						"0.96": [0, 1, 1.5]
					},
					"scale": {
						"0.0": [1, 0.9, 1],
						"0.12": [1, 0.95, 1],
						"0.24": [1, 0.97, 1],
						"0.48": [1, 0.7, 1],
						"0.96": [1, 0.9, 1]
					}
				},
				"hoof3": {
					"rotation": {
						"0.0": [-25, 0, 0],
						"0.12": [-35, 0, 0],
						"0.24": [0, 0, 0],
						"0.36": [-1, 0, 0],
						"0.48": [1.75, 0, 0],
						"0.6": [-0.5, 0, 0],
						"0.72": [-0.25, 0, 0],
						"0.84": [-80, 0, 0],
						"0.96": [-25, 0, 0]
					},
					"position": {
						"0.0": [0, 0.25, -0.5],
						"0.12": [0, 0.5, 4.75],
						"0.24": [0, 0, 6.5],
						"0.36": [0, 0, 2],
						"0.48": [0, 0, -0.75],
						"0.6": [0, 0, -3.25],
						"0.72": [0, 0, -4.25],
						"0.84": [0, 1, -6],
						"0.96": [0, 0.25, -0.5]
					}
				},
				"stifle2": {
					"rotation": {
						"0.0": [5, 0, 0],
						"0.12": [0, 0, 0],
						"0.24": [-5, 0, 0],
						"0.36": [-12.5, 0, 0],
						"0.48": [-20, 0, 0],
						"0.6": [-20, 0, 0],
						"0.72": [-12.5, 0, 0],
						"0.84": [5, 0, 0],
						"0.96": [5, 0, 0]
					},
					"position": {
						"0.0": [0, 1, 0],
						"0.12": [0, 1.75, 0],
						"0.24": [0, 0, 0],
						"0.48": [0, 0.25, 0],
						"0.6": [0, 0.75, 0],
						"0.72": [0, 0, 0],
						"0.84": [0, 0.5, 0],
						"0.96": [0, 1, 0]
					}
				},
				"gaskin2": {
					"rotation": {
						"0.0": [27.5, 0, 0],
						"0.12": [22.5, 0, 0],
						"0.24": [17.5, 0, 0],
						"0.36": [-5, 0, 0],
						"0.48": [-12.5, 0, 0],
						"0.6": [-25, 0, 0],
						"0.72": [5, 0, 0],
						"0.84": [22.5, 0, 0],
						"0.96": [27.5, 0, 0]
					},
					"position": {
						"0.0": [0, -0.75, -0.25],
						"0.12": [0, -0.75, -0.25],
						"0.24": [0, 0, -0.25],
						"0.36": [0, -0.25, 0],
						"0.72": [0, -0.25, 1.25],
						"0.84": [0, -0.75, 0.25],
						"0.96": [0, -0.75, -0.25]
					}
				},
				"cannonrear2": {
					"rotation": {
						"0.0": [20, 0, 0],
						"0.12": [10, 0, 0],
						"0.24": [2.5, 0, 0],
						"0.36": [-2.5, 0, 0],
						"0.48": [-7.5, 0, 0],
						"0.6": [-2.5, 0, 0],
						"0.72": [32.5, 0, 0],
						"0.84": [42.5, 0, 0],
						"0.96": [20, 0, 0]
					},
					"position": {
						"0.0": [0, 0, 4.25],
						"0.12": [0, 0, 3.25],
						"0.24": [0, 0, 2.25],
						"0.36": [0, 0, -0.75],
						"0.48": [0, 0, -2],
						"0.6": [0, 1.5, -2.75],
						"0.72": [0, 0.5, 1],
						"0.84": [0, 0.5, 4],
						"0.96": [0, 0, 4.25]
					}
				},
				"hoof4": {
					"rotation": {
						"0.0": [0, 0, 0],
						"0.12": [0.5, 0, 0],
						"0.24": [-0.25, 0, 0],
						"0.36": [0.67, 0, 0],
						"0.48": [-0.91, 0, 0],
						"0.6": [-72.5, 0, 0],
						"0.72": [-32.5, 0, 0],
						"0.84": [-15, 0, 0],
						"0.96": [0, 0, 0]
					},
					"position": {
						"0.0": [0, 0, 6.75],
						"0.12": [0, 0, 4.75],
						"0.24": [0, 0, 2.5],
						"0.36": [0, 0, -1],
						"0.48": [0, 0, -2.75],
						"0.6": [0, 3.25, -6.25],
						"0.72": [0, 1.75, 3.25],
						"0.84": [0, 2.25, 8],
						"0.96": [0, 0, 6.75]
					}
				},
				"hair": {
					"rotation": {
						"0.0": [-5, 0, 0],
						"0.12": [-12.5, 0, 0],
						"0.24": [-2.5, 0, 0],
						"0.36": [2.5, 0, 0],
						"0.48": [-2.5, 0, 0],
						"0.6": [-7.5, 0, 0],
						"0.72": [0, 0, 0],
						"0.84": [-2.5, 0, 0],
						"0.96": [-5, 0, 0]
					},
					"position": {
						"0.0": [0, 1.25, 0],
						"0.12": [0, 2.5, 0],
						"0.24": [0, 0, 0],
						"0.36": [0, -1, 0],
						"0.48": [0, 0, 0],
						"0.6": [0, 1.25, 0],
						"0.72": [0, -1, 0],
						"0.84": [0, 0, 0],
						"0.96": [0, 1.25, 0]
					}
				},
				"dock": {
					"rotation": {
						"0.0": [-5, 0, 0],
						"0.12": [-10, 0, 0],
						"0.24": [0, 0, 0],
						"0.36": [5, 0, 0],
						"0.48": [2.5, 0, 0],
						"0.6": [-2.5, 0, 0],
						"0.72": [5, 0, 0],
						"0.84": [0, 0, 0],
						"0.96": [-5, 0, 0]
					},
					"position": {
						"0.0": [0, 0.75, 0],
						"0.12": [0, 1.5, 0],
						"0.24": [0, 0, 0],
						"0.36": [0, -0.5, 0],
						"0.48": [0, 0.25, 0],
						"0.6": [0, 1, 0],
						"0.72": [0, -0.5, 0],
						"0.84": [0, 0, 0],
						"0.96": [0, 0.75, 0]
					}
				}
			}
		}
	}
}