{
	"format_version": "1.8.0",
	"animations": {
		"Graze": {
			"animation_length": 3.36,
			"bones": {
				"neck": {
					"rotation": {
						"0.0": [-12.5, 0, 0],
						"0.16": [-35, 0, 0],
						"0.28": [-52.5, 0, 0],
						"0.44": [-85, 0, 0],
						"0.6": [-112.5, 0, 0],
						"0.76": [-125, 0, 0],
						"0.92": [-132.5, 0, 0],
						"2.72": [-120, 0, 0],
						"2.88": [-97.5, 0, 0],
						"3.04": [-65, 0, 0],
						"3.2": [-40, 0, 0],
						"3.36": [-22.5, 0, 0]
					},
					"position": {
						"0.28": [0, -0.5, 0],
						"0.44": [0, -2, 0],
						"3.36": [0, -1, -0.5]
					}
				},
				"head": {
					"rotation": {
						"0.0": [-12.5, 0, 0],
						"0.16": [-27.5, 0, 0],
						"0.28": [-40, 0, 0],
						"0.44": [-60, 0, 0],
						"1.04": [-60, 0, -12.5],
						"1.16": [-60, 0, -17.5],
						"1.28": [-60, 0, -5],
						"1.4": [-60, 0, 2.5],
						"1.52": [-60, 0, 12.5],
						"1.64": [-60, 0, 0],
						"1.76": [-57.86, 0, -7.5],
						"1.88": [-55.72, 0, -14.1],
						"2.0": [-53.58, 0, -2.18],
						"2.12": [-51.44, 0, 8.16],
						"2.24": [-49.29, 0, 19.13],
						"2.36": [-47.15, 0, 4.72],
						"2.48": [-45, 0, 0.8],
						"2.88": [-40, 0, 0],
						"3.04": [-25, 0, 0],
						"3.2": [-10, 0, 0]
					},
					"position": {
						"0.0": [0, -1, 1.5],
						"0.16": [0, -3.5, 4.25],
						"0.28": [0, -6.75, 6],
						"0.44": [0, -12.75, 6],
						"0.6": [0, -17.5, 4.5],
						"0.76": [0, -20, 3.5],
						"0.92": [0.75, -20.75, 2.5],
						"1.04": [0.75, -20.5, 2.5],
						"1.16": [1.25, -20.27, 2.92],
						"1.28": [0.43, -20.21, 3.02],
						"1.4": [-0.11, -20.13, 3.17],
						"1.52": [-0.6, -20.07, 3.27],
						"1.64": [-0.04, -19.99, 3.42],
						"1.76": [0.46, -19.9, 3.59],
						"1.88": [0.89, -19.81, 3.76],
						"2.0": [-0.01, -19.72, 3.93],
						"2.12": [-0.51, -19.63, 4.09],
						"2.24": [-1.13, -19.53, 4.26],
						"2.36": [-0.25, -19.44, 4.42],
						"2.72": [0, -19.25, 4.75],
						"2.88": [0, -14.75, 7.25],
						"3.04": [0, -8.25, 7.75],
						"3.2": [0, -4.25, 5.5],
						"3.36": [0, -2.25, 2.75]
					}
				},
				"shoulder": {
					"position": [0, 0, 0]
				}
			}
		}
	}
}